Name|Address|Account Num|e-mail
Carlos Alford|P.O. Box 253, 4645 Faucibus. Rd.|MK29158999997205718|elit@Cras.ca
Stephen Hudson|Ap #551-4385 Ut Road|CY63001852923495835474328471|sodales.elit@ad.org
Jocelyn Solis|Ap #333-6625 Ornare Avenue|DK8448230613014139|metus.In@adipiscinglobortis.co.uk
Michael Branch|4170 Lectus Avenue|NO5565015028251|fermentum.risus.at@idsapienCras.co.uk
Kitra Maynard|P.O. Box 883, 497 Dui Street|GR5318986438844482588577983|ultrices@Donecnibh.edu
Yoko Gutierrez|Ap #922-6148 Nisl Ave|VG8156324905986533060656|metus.Aenean.sed@Duis.com
Freya Bartlett|679-4364 Eu Rd.|HR6471699250173034615|dictum.ultricies@pretium.net
Lionel Ortiz|Ap #379-3361 Vivamus Av.|IT488IAABI02613323103153020|ut.pellentesque@tortordictum.com
Trevor Pope|Ap #179-384 Dolor Rd.|FI5111393241396938|a.nunc@egetvenenatisa.net
Miriam Lloyd|Ap #145-8750 Quis Road|CY16796401791215050744956071|rhoncus.Nullam.velit@bibendum.net
Lesley Oneil|528-6576 Enim St.|AE160292281030341391102|gravida.sit.amet@liberoatauctor.edu
Orli Barry|182-4279 Pretium Av.|MD9676137829693780364794|mauris@Quisque.co.uk
Sydnee Sykes|403-6864 Nulla Road|BA472879810684963908|sed.dolor.Fusce@iaculisquis.com
Deirdre Jones|Ap #971-776 Ac Avenue|RS44890695204037431980|id.nunc@nostra.net
Alana David|1768 Mi, Ave|IT206MWXLI48568573966044198|ultricies.ornare.elit@inconsequat.ca
Yoshio Barnes|P.O. Box 965, 9716 Ullamcorper, Rd.|PS359297485253197298898532715|elit.pellentesque@nasceturridiculusmus.co.uk
Destiny Sweeney|486-5859 Lectus. Ave|TR355536045780727181111226|ac@duilectus.com
Quyn Randolph|974-4711 Suspendisse Rd.|GE08162577501189834626|montes.nascetur.ridiculus@nisiAenean.org
Brielle Gallegos|650 Ipsum Avenue|RO50BNBG5998779880718793|eu.tellus.Phasellus@dictumeueleifend.com
Regan Huber|Ap #537-1055 Erat Rd.|MK83881796821969927|per.inceptos.hymenaeos@tellusSuspendisse.co.uk
Wilma Burks|329-5320 Fames Avenue|EE679354683083507060|Curabitur@a.edu
Gregory Yates|Ap #293-1026 Ornare. Rd.|SE0328667016463533081679|ornare.lectus@dolorsit.org
Shelby Moran|Ap #850-3879 Sodales St.|CR9847400325604142871|scelerisque.mollis.Phasellus@Curabitur.org
Thor Russo|P.O. Box 275, 7884 Nisl. Ave|IE56AHUB31515896875108|Nulla@Suspendissealiquetsem.net
Jerome Rivera|P.O. Box 197, 467 Tellus Rd.|EE351228599846062088|fringilla@fringillami.edu
Josiah Aguirre|Ap #345-8121 Mollis Rd.|DO29464676875567745693477269|adipiscing.lobortis.risus@posuere.net
Amber Francis|Ap #719-6601 Cubilia St.|PT93637840258138235401105|Nulla.eu.neque@Utsemperpretium.co.uk
George Vincent|686 Sit Ave|ES4996648292183581122515|auctor.vitae@atpretiumaliquet.org
Mira Briggs|4395 Penatibus Street|TN7013883210505025778248|elit.a.feugiat@maurisa.co.uk
Tamara Bowen|786-9624 Semper St.|AT748608612365084718|Nulla.semper@nonlaciniaat.net
Acton Reid|Ap #195-6263 Eu Ave|AD6158823777380032524216|sodales.elit.erat@massaQuisqueporttitor.edu
Myles Navarro|Ap #479-9256 Diam Rd.|RS85084451458117232333|sem.Nulla@imperdietornare.co.uk
Jin Wiley|P.O. Box 385, 7147 Sed St.|PL41962676707286659891663158|ac.tellus.Suspendisse@aliquetdiam.com
Leilani Goodwin|561 Ut Road|HR2042916633330987622|ornare.In@quamquisdiam.net
Dante Cleveland|Ap #575-5528 Faucibus St.|GR8003426599448379616987753|libero@telluseuaugue.co.uk
Genevieve Shannon|9755 Ac Rd.|HR4419009810066562489|lorem.ut.aliquam@nequevitae.co.uk
Quintessa Odonnell|133-8017 Sodales St.|AZ86060820575801493114421945|vitae.aliquet.nec@pharetrafeliseget.co.uk
Kevin Nixon|441 Magna St.|EE404492309037243520|natoque.penatibus.et@Aliquamornarelibero.edu
Wyatt Ellison|P.O. Box 467, 4645 Facilisis Avenue|FI3576197922392729|dui.semper.et@temporest.org
Dexter Rosario|266-2608 Lacus Ave|IE19XPAT97394594619573|egestas.Fusce@consectetuerrhoncus.co.uk
Joan Beach|8116 Phasellus Road|AE049027052895104512034|aliquam.enim.nec@Curabiturmassa.edu
Fuller Neal|P.O. Box 259, 8450 Consectetuer Rd.|AZ74048981561355382472887105|egestas@acliberonec.net
Callie Howard|933-8293 Praesent Avenue|KW8338837014868879796307609163|feugiat.Sed@venenatis.edu
Michelle Dyer|P.O. Box 460, 8003 Adipiscing Ave|GT32688009147577468741431017|dui.quis@necurnasuscipit.edu
Theodore Pollard|487 Ullamcorper, St.|CH6628789483505475579|diam.at.pretium@felis.net
Dolan Le|2944 Pede, Avenue|HU89040539117769771608011625|massa@euismodindolor.co.uk
Ava Kinney|Ap #533-959 Erat Street|LU778128857863721469|diam.lorem.auctor@ligula.co.uk
Colorado Sweet|169-2974 Tempor St.|CR1979821831749743600|facilisis.lorem.tristique@sit.org
Melyssa Trujillo|5983 Eu Rd.|MR5488434315275047700747163|eget.mollis.lectus@eu.co.uk
Sloane Guerrero|P.O. Box 192, 5936 Turpis. Rd.|KZ767701273347379302|id@etmalesuadafames.ca
Colette Harrell|876-9082 Nec Road|VG5574392045815700287298|dui.nec.urna@nonvestibulum.co.uk
Jared Sanders|3731 Tortor. Ave|LI3103548504368881185|nulla.at@Nunclaoreet.ca
Sloane Dawson|P.O. Box 614, 4914 Mollis Rd.|SM0860899146982964389675721|dapibus.rutrum@eratnequenon.ca
Laurel Spencer|P.O. Box 235, 3577 Vitae, St.|NO5209488629605|a.nunc.In@utaliquamiaculis.ca
Ria Wilkinson|Ap #710-3273 Primis Rd.|GE74118662420048601049|Quisque.porttitor@enimnislelementum.co.uk
Lenore Rivera|Ap #542-2652 Ut Rd.|IE13HDIR20028713174731|sodales.elit.erat@Ut.net
Ingrid Crawford|P.O. Box 621, 2856 Fermentum Ave|ME74994696742763998863|ut@ligula.net
Meredith Roach|Ap #255-7385 Id Rd.|PT96566508336100728562755|nulla.In.tincidunt@dictum.co.uk
Kennedy Anderson|P.O. Box 184, 3641 Non, Avenue|CY08162137041408331080712682|libero@lobortis.net
Brock Robles|8005 Tortor. Rd.|CH7923836892915018049|metus.sit.amet@a.org
Linda Pittman|Ap #484-6972 Risus Rd.|LI6801262628565255359|in@commodo.org
Quon Wise|Ap #155-8250 Curabitur Ave|SK3611006620910067888086|quis.pede.Praesent@amet.co.uk
Abra Terry|Ap #582-2326 Lobortis Rd.|SM8159685069718744694643939|ac.feugiat@Suspendissealiquet.com
Jorden Carpenter|Ap #671-9092 Sem St.|BH49241177428083391792|egestas.blandit@primisin.edu
Callum Jensen|P.O. Box 359, 9176 Dui. Avenue|RS06135753714379772009|scelerisque@et.edu
Noel Stein|889-8333 Fringilla Ave|AE903973012805839091564|sed.tortor.Integer@eudui.net
Jana Talley|256-7312 Ac Street|ME89731164372297777786|fringilla.porttitor.vulputate@Vivamusnon.org
Emery Becker|P.O. Box 573, 8403 Facilisis Avenue|ME46173018496744522115|semper.cursus@ridiculusmusDonec.org
Alma Mayo|P.O. Box 899, 3190 Massa. Avenue|BG68BQFC32861547866740|Duis.sit.amet@diam.ca
Amela Burt|P.O. Box 159, 2231 Ultricies St.|AL28694575893770598870242905|diam.dictum@sitamet.edu
Tucker Ferguson|Ap #925-8043 Tincidunt Ave|LI3297011352554910044|Quisque@dolor.org
Kaseem Marquez|Ap #620-9020 Orci Av.|NL69XPFG2067991957|convallis.in.cursus@sedsem.org
Stone Carter|P.O. Box 750, 4949 Dui, Street|TR408742239322234306526927|Duis.risus.odio@luctusvulputate.ca
Sophia Austin|Ap #812-3249 Nibh Avenue|TR536221592309872675859275|nonummy.ipsum.non@Proinvel.com
Ian Pollard|212-7231 Semper Rd.|MD5904974085730111987377|molestie@luctusetultrices.ca
Joshua Avery|406-566 Mauris St.|TR808119147526370205461953|Vivamus.rhoncus@sed.ca
Kaseem Salinas|P.O. Box 132, 2794 Risus, St.|LV98IRBH9918810512677|at.pretium.aliquet@hendreritneque.edu
Shelby Kelly|P.O. Box 995, 2842 Ut, St.|RS52363638517667965122|magna@nuncsed.ca
Faith Scott|P.O. Box 554, 4839 Turpis Road|KW5714410405442483162045995033|ultricies@quam.edu
Simone Cox|Ap #686-3884 Pede Av.|SM3661159076330527635214826|sem@congueIn.org
Yvette Meyer|304-5913 Lorem Av.|FI5964459053238672|Integer.id@orciUt.edu
Simone Burton|633-1772 Et Road|GL2294692785400724|orci@vitaesemper.edu
Indira Owen|3147 Orci Rd.|GT35746602556657255290083667|a.neque.Nullam@nisiCumsociis.ca
Cedric Rocha|Ap #119-5314 Adipiscing, St.|CZ6081005051365243860295|ut.lacus@loremipsum.org
Zeph Sloan|Ap #371-3923 Fringilla Rd.|BA095243963273876925|tellus@risusNunc.com
Jacob Bass|6432 Taciti Av.|FO8088915300576698|erat.nonummy.ultricies@eutelluseu.org
Barclay Marshall|6746 Tellus. Avenue|IE50KLEA85376160622078|lorem.eu@semsemper.edu
Jeanette Carver|981 Nunc Ave|GB31AKMO43333996221394|et.euismod@pharetrafelis.net
Bernard Summers|806-6434 Lacinia Road|LB52660878277669941976910916|felis@a.org
Fitzgerald Stephens|2058 Enim Road|LU034109325773840382|a@velpedeblandit.co.uk
Acton Marks|931-6584 Ut St.|PT66662201995972496390788|Phasellus.in.felis@euenimEtiam.net
Jessica Vance|4330 Nascetur Street|SM6925926414418741713236668|sollicitudin@velit.edu
Violet Herring|292-9095 Ut St.|AZ13727733354010627140406787|a.tortor.Nunc@orciluctus.com
Declan Brock|P.O. Box 578, 7806 Sed Street|SA2379091804922869660123|enim.Nunc@laoreet.ca
Drew Hurst|Ap #383-1143 Ante. Road|IT545NYTVI45110295734463514|odio.Aliquam.vulputate@bibendumDonecfelis.com
Virginia Holt|473 Iaculis, Street|AE171643626816338475449|interdum.feugiat@dictumeleifend.com
Jeremy Jarvis|Ap #762-6813 Leo St.|NO3613122246498|eu.sem.Pellentesque@non.edu
Reese Madden|754-1371 Et Avenue|KW0956742193533261130601716067|Nullam.vitae@varius.ca
Palmer Bridges|Ap #928-8127 Porta St.|LU185061795734964504|erat.vitae.risus@egestasrhoncusProin.co.uk
Kyla Fox|1453 Felis Street|NL85IHCB5140996195|Etiam@Donectincidunt.edu
Quin Bird|Ap #241-2074 Viverra. Rd.|LU304760585980143599|sem@nostraperinceptos.com
Jamal Walter|325-3319 Semper Avenue|ME63758757999157528770|ipsum@ut.com
Dolan Watson|3693 Gravida Road|GE59438143639422093156|accumsan.neque@Phasellusdapibusquam.edu
Hillary Hewitt|561-223 Faucibus Av.|PT11099541661171988395543|Aenean.sed.pede@risusodio.net
Debra Vazquez|3275 Cursus Rd.|IE59HZYX83238142306130|et.euismod@ultricesiaculis.edu
Rahim Colon|112-2997 Mauris Street|SE9830753176796465872362|amet@acipsumPhasellus.co.uk
Claudia Gardner|4771 Curabitur Avenue|SI53883258723783928|cursus.non@euarcuMorbi.com
Adele Cabrera|Ap #742-7733 Tempus St.|VG9396753349836212635146|nibh@Morbiaccumsan.ca
Orlando Shields|8703 Mauris Avenue|MR4928768217126978579952574|euismod@portaelit.net
Dominic Mercer|465-9331 Turpis Rd.|HR7516169343350421335|cursus.purus.Nullam@conubianostraper.net
Aspen Velez|P.O. Box 621, 6406 Molestie St.|EE826391750459813424|hymenaeos.Mauris@turpisIncondimentum.org
Nevada Cleveland|Ap #990-4966 Faucibus St.|IS296184286535994622066753|Praesent.eu@mollis.ca
Yetta Bell|P.O. Box 999, 5872 Nibh. Avenue|TR340611122373107351326476|Suspendisse.non.leo@molestiein.edu
Lareina Anthony|P.O. Box 421, 6399 Tristique Street|SM0581349515048653951594919|Nunc.sollicitudin@eu.edu
Lunea Richards|868-8036 Feugiat St.|EE911294592045685895|placerat@diamluctuslobortis.edu
Zachery Kaufman|P.O. Box 816, 6375 Eleifend Rd.|AD1351078740265132712638|elit@semutdolor.co.uk
Justin Hull|P.O. Box 545, 9136 Et, Ave|DO12859747323086964312503618|sit.amet@mieleifendegestas.org
Aladdin Baxter|Ap #688-7400 Erat Ave|GT89629896153204933545158801|vitae@nullaIntegerurna.org
Jolene May|315-7900 Massa St.|GR6140109412562804631593426|Mauris@eu.com
Ivory Mckay|748 Egestas Ave|BG96VUTG68595791079169|purus.Maecenas@vitaedolor.com
Nathan Leon|Ap #525-6975 Nisi. Rd.|NO1190218199252|diam.Pellentesque.habitant@maurisidsapien.ca
Karina Graves|707-4650 Malesuada Rd.|PS752061405608439654585507532|dui.nec.urna@congueturpisIn.com
Portia Nielsen|876-1034 Ullamcorper, Rd.|TR903859610733404225395588|turpis@ultricesmaurisipsum.com
Wilma Franklin|P.O. Box 905, 8231 Convallis Rd.|LI8377600589843448003|malesuada@CraspellentesqueSed.ca
Paloma Cooper|1034 Dui. Av.|FR5897391375331840712363884|orci.Phasellus@ante.com
Xandra Wood|802-186 Enim. St.|MK16993005777500758|per.inceptos@lectusconvallisest.com
Demetrius Matthews|741-2565 Elit St.|FR6331660188140335936738772|Sed.nunc.est@hendreritid.org
Violet Stout|Ap #341-307 Ut, Rd.|MT48UCTF15976840991051160972930|in.hendrerit@eleifendvitaeerat.ca
Orla Blankenship|111-6255 Turpis Rd.|TR619225082952904961352896|Integer@lectusquis.ca
Adena Logan|P.O. Box 414, 6579 Rhoncus. Street|PK3806297618820068467254|pellentesque.eget@molestieorcitincidunt.edu
Pandora Good|Ap #180-6619 Lorem Street|HU88609729659757921099361071|sapien.gravida.non@inmagna.ca
Alma Guerra|177-2275 Nec St.|SA8889575198080856217740|Integer.id.magna@aliquetsem.com
Ryan Peck|Ap #746-7777 Facilisi. Road|GL7645903738413369|magna.Cras@gravidasitamet.net
Virginia Blanchard|270-6865 Ornare. Rd.|SM6472952569583203053486607|Sed@natoquepenatibuset.com
Drew Robles|5938 Vivamus Rd.|ME35946052166579406152|tellus@aliquet.net
Herman Kirkland|757-7758 Lectus Street|NO3040848034317|sed.dictum@duiaugue.net
Chloe Conner|973 Nascetur Road|SE5516781121891706409071|blandit.viverra@tempor.ca
Merritt Webb|Ap #368-8914 Nisi. Road|FI9170901982448721|vitae.erat.Vivamus@blanditNamnulla.co.uk
Willa Gordon|Ap #794-8027 Magna. Ave|CY13996190460396249914959096|quis.urna@tristiquealiquet.com
Illana Rhodes|532-8532 Ac Ave|MD2511067907042191451824|ut.molestie.in@Namac.co.uk
Orson Taylor|P.O. Box 621, 6391 Ligula Road|DE69688214181036691506|mus.Donec@VivamusnisiMauris.edu
Chase Holder|679 Sed St.|BA920981436559048702|risus.Donec@sedorci.co.uk
Dana Ingram|P.O. Box 239, 9330 Integer Avenue|GR1086494964301336123855610|a.tortor@Aenean.net
Astra Williams|Ap #288-2481 Eros Rd.|GI40BYHA665263672289541|ipsum.Curabitur@risusDuisa.org
Guy Romero|P.O. Box 399, 8230 Penatibus Road|TN6986129205080386776217|dolor.Nulla@egetnisi.ca
Elmo Hendricks|Ap #475-2121 Nunc St.|ES4517619771584480295595|blandit.mattis.Cras@augue.ca
Ina Richmond|189-6317 Facilisis, Street|FI1468160703988110|consectetuer@variusorciin.edu
Whilemina Mcguire|Ap #542-9649 Cras Rd.|BA870782082535175798|facilisis@tellusnonmagna.net
Sigourney Whitney|6875 Facilisis Rd.|IL922557104718192348560|metus.Aenean@Duis.edu
Gisela Munoz|5863 Cras St.|PL91843667595330395117124789|Nam.tempor@ante.co.uk
Shelby Dennis|560-1957 Lobortis Av.|CH6418755370128684816|quis.massa.Mauris@cursus.net
Hope Maldonado|2309 Vestibulum Street|MT78YHLI52288202133689951944264|ut.pharetra@ornarelibero.com
Roary Goff|615-1542 Praesent Rd.|PK4364102394199929697803|odio.tristique@Sed.co.uk
Gil Mcmahon|Ap #569-340 Morbi Av.|TN2547699692512654746871|non@nuncsed.com
Bert Hensley|Ap #563-7757 Quisque Street|KW8218634557999268295701922985|Duis@viverraDonec.co.uk
Erica Brewer|Ap #304-1746 Fusce Road|MU5756142813465532838881828317|consectetuer.ipsum.nunc@aliquetmagna.org
Darrel Butler|320-1569 Cum St.|AD2558465430032863295325|Nunc.lectus.pede@nuncsit.org
Ivan Avery|189-7671 Gravida Rd.|DE81578683118110417630|egestas.Duis@liberoat.edu
Blake Baldwin|Ap #723-9180 Dolor Street|VG5879898455156768522604|nec@ametdapibus.org
Kibo Castaneda|6826 Dis Avenue|MD6313369857118745252677|felis@eumetus.com
Bree Duffy|8104 Ac Street|DO23471315895737828633476819|ipsum.primis.in@elitpede.com
Orson Green|Ap #571-3566 Vulputate St.|VG3635625475148636980962|magna@pedePraesent.edu
Ian Irwin|9258 Placerat Avenue|MD9001606114434496888763|at@metus.co.uk
Len Padilla|832-7029 Metus. Rd.|TR616112929052938525491575|tincidunt.vehicula.risus@maurissagittis.org
Chantale Robinson|P.O. Box 379, 7835 Commodo Road|BA969838345224836627|libero.Proin.sed@nec.edu
Aristotle Reeves|Ap #355-4054 Ligula. Road|PT31702741750128716121241|dolor@ut.co.uk
Jenette Irwin|P.O. Box 239, 2669 Ac, Street|FI6036755234375744|per@Fuscefeugiat.ca
Cooper Olson|966-3962 Quisque Ave|IL236704562579706489938|dis.parturient@luctus.ca
Julian Hammond|9199 Adipiscing Avenue|EE937444376492035395|ornare.lectus@indolor.com
Quinlan Mcbride|938-3963 Arcu. Ave|PT29162439637955961564251|arcu.Vivamus.sit@Crassed.com
Ivy Sharp|Ap #780-8359 Bibendum Av.|HR9192798658680614586|libero.dui@aliquam.co.uk
Helen Marsh|P.O. Box 796, 188 Curabitur St.|IL071745247583916906849|non.massa@tellusfaucibusleo.edu
Richard Hobbs|P.O. Box 175, 3191 Laoreet Avenue|BG21XORY07600791932968|a@orciUtsagittis.co.uk
Nash Reed|Ap #622-4020 Tristique Ave|RO61KUFX8162507565626099|imperdiet@at.co.uk
Joel Townsend|Ap #730-3955 Fusce Av.|AD7125725211379915723280|convallis@felis.net
Olympia Potts|P.O. Box 161, 5856 Ornare, Street|MU5742316434742062432685252109|vel.faucibus@variuset.net
Kaden Kim|P.O. Box 412, 3253 Libero Av.|PK1407874550443328463440|ridiculus.mus@ligulaNullamenim.net
Azalia Alford|1674 Ut St.|GL3236189963906851|Donec.at.arcu@erat.org
Zachary Sparks|701-7349 Dolor St.|SA1774156184987020572306|scelerisque.neque.sed@Nunc.org
Evan Hess|653 Sed Rd.|MD9032933563699126817227|Nulla.dignissim.Maecenas@felis.org
Tarik Owen|Ap #221-7829 Urna. Rd.|PL75425735812161438231134779|ac.arcu@nislQuisquefringilla.net
Cain Best|143-7616 At, St.|IL791208630843103420346|leo.in.lobortis@purusaccumsan.co.uk
Germaine Vinson|Ap #689-4902 Fusce Street|EE363440904151695319|mi.ac@nullaIntegerurna.co.uk
Violet Pennington|5685 Orci Road|AL33084625540958227091555696|eu@Seddictum.edu
Kessie Callahan|9683 Sociis St.|EE233326260913329610|nibh@sitamet.edu
Naida Rice|P.O. Box 429, 3703 Dictum Av.|SI85714187290324302|pede.nonummy@ut.co.uk
Imogene Torres|141-4846 Eu Rd.|FO7408955331807238|Curabitur.sed.tortor@placerat.com
Madaline Acevedo|P.O. Box 419, 4899 Velit Avenue|ES7351183422861788751684|luctus.ipsum@quispedeSuspendisse.net
Merritt Witt|586-8050 Nisi Street|BG89EMPI73258134488831|nisl@sed.ca
Nichole Conrad|3971 Non St.|BG13FJUW17892999468473|Proin.vel.nisl@auguescelerisquemollis.ca
Cooper Clarke|425-8836 Duis Rd.|LT317429972506063175|in@orciluctuset.com
Kennan Mcbride|Ap #656-9211 Arcu Ave|NL46CUHZ8895460470|est@interdumligulaeu.com
Sloane Daugherty|2673 Nec Rd.|CH5096872083632958590|mi.Aliquam.gravida@ametnulla.net
Patrick Bowers|1763 Risus St.|MU9132422123305435992692034176|tortor.at@imperdietdictum.edu
Nomlanga Hooper|3882 Nascetur Rd.|NL73KGBS1508748786|sit.amet@Nullamut.edu
Carly Baird|P.O. Box 394, 6799 Lorem, Road|AT868882246198925835|sit.amet@CurabiturdictumPhasellus.org
Rosalyn Miranda|P.O. Box 352, 3152 A Rd.|SA8363582942453554101956|nascetur.ridiculus@Phasellus.ca
Melodie Sharp|5979 Varius Street|IS125948524569405977206762|ullamcorper.nisl.arcu@adipiscingelitAliquam.edu
Oliver Diaz|P.O. Box 644, 966 Nullam Av.|FR6487715323818634880318139|eros.Proin.ultrices@musDonecdignissim.ca
Martin Williams|1099 Suspendisse Avenue|AE468392294373609590551|quam.a@mollis.edu
Gretchen Hoffman|P.O. Box 578, 6486 Habitant Rd.|DE61126530437201865976|eu.odio@vitae.edu
Echo Roberson|P.O. Box 502, 7840 Consequat Rd.|IL605110966105992981137|eget.mollis@Crassedleo.com
Virginia Carrillo|655-9085 Id, St.|RO39QVNU4180486064998167|odio.Etiam.ligula@aliquetlobortis.ca
Wanda Kramer|952-3303 Pharetra. Street|KW7228418462075998414606523826|ipsum@cursus.com
Berk Hebert|Ap #175-7892 Nisl. Avenue|DK0324237928447852|urna@liberomauris.com
Ingrid Hartman|4530 Ac, Rd.|AD0322110374046933796260|pede.nec.ante@sagittis.com
Cassady Chaney|9253 Pellentesque Av.|PT47653045304476801993090|congue.elit@est.com
Gray Mcintosh|Ap #205-1198 Nec Road|PS529161334141051703065095247|odio.Phasellus@vitae.ca
Ross Jordan|Ap #737-6269 Scelerisque Avenue|GL7284991804884539|ipsum@Crasinterdum.edu
Ignacia Mckenzie|184-7589 Malesuada. St.|DO33398535909377255675350903|dolor.Nulla@loremsit.org
Mufutau Bruce|2765 Luctus Street|MT88JFLV18023302015900877729500|magna.Cras.convallis@Vestibulum.net
Orla Miranda|6534 Dui, Road|HR9245056450720275752|ornare.In@pellentesque.net
Palmer Wong|P.O. Box 510, 472 Consequat Avenue|LB10992174948300391916447409|libero@sedestNunc.net
Riley Frazier|Ap #488-7218 Ornare. Av.|IT392DVXUI08251617824242166|Phasellus.libero@nequepellentesque.co.uk
Shelley Contreras|Ap #669-1890 Condimentum Road|SA4225356127464708339771|Nam@mus.net
Colleen Mccullough|619-9804 Est. Street|KW3251973904535289612705947366|pellentesque.a.facilisis@ornaretortorat.edu
Camilla Bullock|P.O. Box 357, 6790 Orci. Avenue|DK4765930531299568|enim.Etiam.imperdiet@uteratSed.ca
Yolanda Espinoza|Ap #602-377 Nunc Ave|FR4629496651467445728990940|rutrum.magna.Cras@mifringillami.edu
Fiona Rios|P.O. Box 333, 3580 Interdum. Rd.|PK2394882410717122999293|Proin@velitegestas.ca
Tamekah Woodard|P.O. Box 417, 5778 Eu Av.|BG83XAEH76994325440982|ut@Proinultrices.org
Aimee Brock|P.O. Box 941, 7696 Ut, Rd.|LI0378145337379699563|faucibus.ut.nulla@nullaCraseu.org
Molly Rutledge|490-5153 Lobortis Rd.|GR5290522145043918865764606|sem@miAliquam.org
Ila Mclean|108-8350 Eu Rd.|LB29803332291104613809155116|lectus.Nullam@utpharetra.edu
Arsenio Cooley|Ap #432-4281 Curabitur Street|CH9301267716920319060|varius.orci@eget.com
Irene Combs|873-4323 Purus. Rd.|CR7374117536752852701|pellentesque.Sed.dictum@ultrices.com
Armand Santos|615 Eget, Avenue|IT744CKGZI97209323502051881|in.consequat@libero.com
Ishmael Ayala|3607 Etiam Ave|GI31SAPB936492005271794|nascetur@odiotristique.ca
Tad Green|P.O. Box 447, 3059 Aliquam St.|KW4100273824112439396808457823|in@etmagnis.net
Alexis Rogers|6662 Nisl. Rd.|FO9217427089203651|ac.risus@Duis.net
Lucius Leach|Ap #548-5006 Eu Road|SE1139266154112534763887|in@magna.com
Summer Noble|Ap #414-9036 Mauris St.|CZ7558085063545952816701|nisl@ante.com
Lael Miranda|695-7741 Nullam Ave|GE86539160391670773443|lacinia.at.iaculis@aliquam.org
Nyssa Hodge|711-8203 Eu Rd.|DK7510604306784282|Suspendisse.eleifend@sem.co.uk
Xander Walls|Ap #456-4148 Eu Road|HR4679444648104129362|consequat.dolor.vitae@adipiscingelit.edu
Joel Burch|Ap #490-2299 Erat St.|LI4196018482002154828|pharetra.ut.pharetra@eleifend.edu
Otto Compton|P.O. Box 781, 3122 Egestas Ave|MK08703295246805350|elit.pretium@eutellus.net
Nola Roman|538-7802 Facilisis Ave|ES8738564313958509438900|vitae.aliquet.nec@erat.co.uk
Brendan Avery|P.O. Box 298, 2877 Luctus St.|MU3858843292491833878173656848|vel.convallis@turpisIncondimentum.edu
Stone Rivas|7128 Quis Ave|MT41LGIE44272900376022751090711|varius.ultrices.mauris@nisia.net
Chaney Oneal|P.O. Box 609, 2436 Ut Rd.|GL4812279167803490|Duis.ac.arcu@MorbimetusVivamus.ca
Blythe Conrad|4938 Metus. Rd.|FR4170025050865777473289707|Nam.tempor@Nunc.edu
Andrew Malone|Ap #175-5284 Tristique Avenue|BG12BYVI90978869874792|eros.turpis.non@elementumdui.co.uk
Lee Castro|8126 Cras St.|DO26621729987105955613322188|ut.lacus@metuseuerat.edu
Graham Mcneil|P.O. Box 677, 1140 Malesuada Rd.|BG59CQOK69541140491173|vehicula.et.rutrum@cursuset.edu
Dillon Hoffman|P.O. Box 749, 9731 Cursus Ave|AL88343645572612229909949165|hymenaeos.Mauris.ut@sagittislobortis.net
Tatum Britt|Ap #696-2893 Fusce Av.|SM0803802950665456681215084|amet.ante@iaculis.edu
Indira Simon|P.O. Box 660, 1594 Sollicitudin Rd.|FI1816410399957754|ante.ipsum.primis@erosnon.com
Hilel Wynn|675-1055 Pellentesque Rd.|DO96521339677434612315062890|scelerisque@ligula.net
Colt Crane|P.O. Box 701, 3899 Dapibus St.|IL251534457601577414802|risus@acfacilisisfacilisis.net
Kathleen Manning|7178 Egestas Road|FO8579935769365641|elementum.at@In.ca
Patrick Ruiz|605-2502 Non Avenue|SM0887522152382691642895569|Suspendisse.sagittis@eleifendnec.net
Noelle Ashley|Ap #632-4363 Id Rd.|MU6983872666510061692946720254|Suspendisse@mattisvelitjusto.com
Colby Lindsey|Ap #376-4248 Dolor. Road|ME22771624264695062880|mauris.Integer.sem@Sednunc.org
Alden Duncan|Ap #582-2637 Egestas St.|IT671NFCSI33856797895514542|libero.Proin.sed@musProinvel.ca
Mallory Jordan|8987 Tincidunt, Ave|KZ673812940511638279|orci.consectetuer@nondapibus.co.uk
Lana Stevenson|P.O. Box 718, 3989 Quis Rd.|NO1201962625947|natoque.penatibus@et.org
Ayanna Conner|Ap #525-6534 Penatibus Rd.|CY07586539863355984517654275|parturient.montes@egestasDuisac.net
Tallulah Holloway|2085 Scelerisque, Avenue|CH4260815338276786539|egestas.rhoncus.Proin@scelerisquenequesed.org
Axel Carey|3119 Aliquam St.|AD6194216415718860458180|malesuada.id.erat@parturientmontes.net
Wyoming Clark|P.O. Box 334, 9970 Dui Av.|TR133852834113747907366907|tellus.sem@etmagnaPraesent.co.uk
Mary Burns|P.O. Box 193, 8830 Auctor Street|AE464918328758394455820|vulputate.velit.eu@sapiencursus.com
Blair Coffey|P.O. Box 526, 7584 Molestie St.|TR629541746030089193468184|ligula.eu@quis.edu
Maite Cross|Ap #986-9484 Nec, Rd.|CR8069304724792314021|sollicitudin.a.malesuada@nequeMorbiquis.ca
Nathaniel Norris|764-9508 Eget Ave|IL409848385943935835471|lectus@ametornare.com
Joshua Nichols|594-8267 Fusce Rd.|CZ1547796548551332967231|diam.Duis@auctornonfeugiat.ca
Acton Branch|9285 Nunc St.|TR853626287709402951939617|tempus@lorem.ca
Jolie Robertson|323-4229 Porttitor Av.|SK4984443504543250672976|neque.pellentesque.massa@Donec.co.uk
Keelie Cleveland|5017 Nulla. Ave|GT39771592750642186193825737|a.arcu@Donecest.ca
Ori Sanford|9917 A, Ave|FO1537990485707703|eu.arcu.Morbi@enim.net
Barry Gaines|Ap #429-5091 At, Av.|HR4150654838730177017|tincidunt.nibh@acmattis.co.uk
Janna Curtis|P.O. Box 844, 5958 Etiam St.|GE12368015879442395261|vitae.semper@suscipitestac.org
Sierra Knight|5339 Sit Avenue|PL66477400601432593381263868|tellus.id@necmalesuadaut.edu
Lamar Ewing|687-1341 Varius Avenue|DO51478821541765733927553460|ipsum.porta.elit@eratinconsectetuer.ca
Nyssa Wood|P.O. Box 311, 5043 Magna. Avenue|DK8408569481530425|cursus.et.eros@Inat.ca
Maris Bonner|6993 Tristique Av.|CZ7880574164666974873621|Nunc.mauris.sapien@miDuis.net
Karen Mays|823-1437 Velit St.|IT224UMGFI28669414365818565|vehicula.Pellentesque.tincidunt@Classaptenttaciti.net
Alice Calderon|947-1565 Bibendum Avenue|FR1894960440423147026887025|Nunc.pulvinar@Nunclaoreet.edu
Barry Blackwell|482-2893 Est St.|GR9239884265611310157626767|Etiam@arcuvelquam.com
Lucas Ballard|172-766 Nonummy Ave|EE782118962774390342|risus.odio@seddui.co.uk
Dean Nash|331 Parturient Street|KW1105059584026459893382655255|Phasellus@necmaurisblandit.co.uk
Jenna Daugherty|Ap #429-4157 Dolor St.|TR877465448638842735045864|eu@ullamcorpereu.org
Gloria Owens|5153 Nonummy Rd.|MT66LBTI70844717295365145685863|egestas.lacinia.Sed@cursus.ca
Salvador English|618-8874 Sit St.|SE9573781446798692641895|Duis@duinec.edu
Vernon Holloway|P.O. Box 119, 9530 Mollis. Ave|GB65SUMQ83539569639843|elit.a.feugiat@tellusPhasellus.edu
Holly Taylor|Ap #166-7146 Inceptos Road|MU1664201901686068078072786111|vitae.sodales.at@sedtortor.edu
Dorothy Nielsen|670-6116 Luctus Avenue|IS431761625139907124498557|vulputate.posuere.vulputate@vitaemauris.ca
Gisela Lancaster|Ap #738-2929 Amet Av.|AL08466119701011790945584453|eu@aliquetmetusurna.co.uk
Driscoll Mayo|9256 Metus Av.|PS102301528396470733528638925|non@eratvolutpat.co.uk
Jelani Colon|9554 Dictum Avenue|MD7861379491696893667197|nulla.Donec.non@erosnon.co.uk
Burke Cox|126-2999 Ut Rd.|BH40961251059888602357|enim.nec@Nullamsuscipitest.net
Eaton Stone|Ap #282-5017 Eu Road|PL59306247814438293171337422|in.sodales@vulputatelacusCras.net
Malcolm Sanford|Ap #876-2467 Molestie St.|IL541445455649829904746|tempus.mauris@volutpatNullafacilisis.edu
Laurel Jennings|Ap #213-4136 Rhoncus Avenue|AD1967128721667067185345|blandit.congue@Aeneaneuismodmauris.net
Magee Gregory|Ap #784-1003 Sed St.|SA0405007125938330189849|sit.amet.ornare@Quisqueornare.co.uk
Nicole Moon|390-3106 Montes, Rd.|GE02211660553086258353|sit.amet.dapibus@Nullam.ca
Scarlett Harmon|Ap #727-8068 Eu Rd.|DO38752346362217519505382562|pede.Nunc@ipsum.edu
Denton Tran|Ap #650-5654 Enim. St.|PK4035109327335862764581|tortor.dictum.eu@pedesagittis.com
Lareina Phillips|P.O. Box 249, 436 Vulputate, Ave|MC5534083468548926371525555|vitae.erat.vel@intempuseu.edu
Xyla Lindsay|277-3956 A, St.|BH11941685343943195257|vulputate@magnaUt.net
Priscilla Mathews|Ap #363-3462 Mauris St.|SA6709052463634263693739|et.ultrices.posuere@diam.edu
Ivory Berger|Ap #793-4509 Tincidunt, Rd.|EE124230489013289676|Vivamus.molestie@lobortis.com
Lillith Mcgee|873-945 Bibendum Road|GE37290645477297964173|in@non.net
Stephen Charles|831-6030 Eu St.|GL7146350954271276|vel@ligulaNullamfeugiat.edu
Craig Bauer|125-6966 Pellentesque St.|LU909918336445089696|in.faucibus@nec.co.uk
Aimee Hull|9697 Elit, Ave|GI41YHFB054111951075422|elementum@aliquam.com
Chaney Wilder|Ap #102-7516 In Avenue|MR6008447087699302627228327|dui@Vestibulumante.ca
Dolan George|P.O. Box 820, 8436 Purus. Av.|EE491084893405419759|Sed@porttitorerosnec.net
Gwendolyn Franklin|Ap #337-1443 Mattis. Street|LI5998321653184137751|parturient.montes.nascetur@temporbibendumDonec.edu
Murphy Armstrong|2867 Eget, Road|HU91911909414427237329374845|Nullam.nisl.Maecenas@malesuadavelvenenatis.com
Deacon Vega|Ap #178-614 Nisi Street|GI11FPXD696837554846793|tempor.erat.neque@pedeCumsociis.org
Justine Powell|211-4098 Elit. Rd.|MD1345802165345193621260|pulvinar.arcu@Aliquam.net
Kiayada Burch|Ap #775-3993 Mauris St.|ES1365320361283306626257|et.rutrum.non@pharetraQuisque.net
Dane Vance|Ap #139-3941 Vel, Rd.|PK5707311885295785353752|orci.sem.eget@molestietellus.ca
Brielle Bowen|8454 Mollis. Av.|TR390079972226369983238001|felis.ullamcorper.viverra@pede.ca
Cynthia Moore|P.O. Box 702, 7330 Non, Road|KZ674014843871322997|in.felis@liberoMorbiaccumsan.net
Malcolm Macdonald|P.O. Box 189, 807 Tortor Ave|SA0644693750160088939125|imperdiet.erat.nonummy@mi.org
Quinn Webb|Ap #136-211 Euismod Rd.|MD9404837448935152552204|enim.gravida.sit@idmagna.ca
Cairo Valentine|P.O. Box 535, 6880 Ac Avenue|MC0429493110470127121625256|eget.mollis.lectus@vitaenibh.ca
Brittany Maxwell|P.O. Box 955, 5858 Auctor St.|LB29555237566078785613801005|purus@commodoipsum.net
Ramona Burns|Ap #305-3568 Vitae, St.|LV93GDQS2233203893962|blandit@justonec.ca
Jane Ellison|Ap #247-4778 Suspendisse Avenue|TN2718575884351117286577|metus.sit.amet@nonsapienmolestie.ca
Cruz Williams|8565 Cras Rd.|SK4058710343231734738091|luctus.vulputate@euismodestarcu.co.uk
Rhea Britt|P.O. Box 520, 3658 Egestas Avenue|DO69824248837708892410236340|commodo.hendrerit.Donec@facilisisegetipsum.com
Yolanda Munoz|Ap #325-9234 Ante. Ave|CR9803002052441046708|Suspendisse@sit.ca
Inga Hunter|Ap #359-9249 Duis Avenue|DK1944214562513294|nulla@atpede.co.uk
Amy Lancaster|6233 Eu Rd.|EE218396072755638637|dignissim.Maecenas@Aliquamadipiscinglobortis.com
Anika Sharpe|274-504 Convallis Rd.|MD7986594713091685100102|rutrum.non.hendrerit@scelerisquenequesed.ca
Yoshio Guerrero|6747 Sed Avenue|GL0427556780625079|elit.a@massa.com
Channing Bartlett|5788 Vitae Street|SE9425601716888006573118|a.tortor.Nunc@mollisPhasellus.com
Larissa Espinoza|Ap #215-392 Amet Rd.|KZ170117152912140233|a.ultricies@InloremDonec.ca
Daryl Mcintosh|151-9822 Nisl. Rd.|GE44261778797407309793|vulputate.ullamcorper@dignissimmagna.org
Melinda Trevino|567-8855 Non Av.|SA6772255535736419963858|massa@faucibuslectus.co.uk
Anika Beck|Ap #707-2940 Quis, Rd.|LI1868194564441215802|Suspendisse.commodo@nascetur.com
Nigel Sandoval|P.O. Box 504, 4592 Curabitur Ave|GT17324098502978172002867184|ut@luctussitamet.net
Xavier Ayers|9562 Mi St.|PT61080583714990243547799|dictum@habitant.ca
Gretchen Duke|925-2887 Magnis Rd.|CH8493540923176210207|hendrerit.Donec.porttitor@et.com
Teagan Kinney|P.O. Box 453, 2921 Consectetuer Av.|IS376856935052219148874609|fringilla@loremvehiculaet.net
Guinevere Hawkins|Ap #117-8620 Nulla Rd.|PL88394986161545637250920539|sapien.cursus@euenim.ca
Sylvia Weber|P.O. Box 636, 4894 Libero Rd.|FR4727026823328914079331361|feugiat.nec@egestasadui.net
Zelenia Hendrix|963-7367 Hendrerit Ave|DE08254042343972984058|nisi@odiotristiquepharetra.com
Mannix Odonnell|333-4151 A, Rd.|BG59BOWF53715150508214|Donec.fringilla.Donec@amet.co.uk
Eric Britt|P.O. Box 163, 5713 A Road|CY88224624372208440538289041|Nullam@aliquetmolestie.net
Andrew Kinney|3421 Eu, Avenue|LI1605040987383382240|Duis.gravida.Praesent@natoquepenatibus.com
Caryn Bradshaw|Ap #976-3482 Nam St.|PL69014112841119241022702544|ut.pharetra@vulputateeuodio.ca
Adena Malone|1962 Magna. Street|PS696237181287176717051461074|sed@tinciduntduiaugue.edu
Daria Hunter|P.O. Box 448, 2970 Felis. Road|LI6652091268739236309|Nulla@congueelitsed.net
Rhoda Kane|5987 Enim St.|GI84BJGW346710120174698|turpis@atlibero.co.uk
Darrel Guthrie|Ap #797-5922 Est, St.|IT822JKQFI80257836694111819|enim@blanditat.co.uk
Cullen Morin|P.O. Box 920, 6824 Tincidunt. St.|HU96326574100755801021178775|non.enim@Etiam.ca
Lee Hopkins|8340 Eu Street|PL66342336688435054249194655|cursus@acmattisvelit.edu
Rebecca Espinoza|Ap #401-7741 Amet, St.|FO4193753648796071|luctus.sit.amet@aliquamadipiscing.com
Eleanor Mcdonald|P.O. Box 844, 6490 Orci, St.|KW8425183569571128678815696400|neque@ligulatortordictum.org
Alana Hatfield|Ap #360-5982 Fusce Rd.|EE486410407937273492|Aenean.gravida.nunc@mauris.edu
Maggy Bartlett|310-1445 Porttitor St.|GB02SCIG88936774126852|mauris.sapien.cursus@Donec.ca
Dakota Chambers|P.O. Box 846, 8083 In Road|IL271342276877159060908|sapien.molestie@nuncrisus.net
Alexandra Larsen|5924 Egestas. Ave|PL51733367648829990089301033|diam@ultricesmaurisipsum.edu
Wade Woodard|Ap #168-9443 Donec Rd.|GL7101872070517296|vel.quam@montesnasceturridiculus.net
Kibo Hill|390-5225 Eget, St.|AE233630347758563117868|et@sagittislobortis.ca
Randall Ferrell|328-595 Dolor. Rd.|FO0955980399803081|turpis.Nulla.aliquet@vestibulumneceuismod.org
Alexander Barton|P.O. Box 670, 3711 Sed Street|HR4626948022419630128|est.vitae.sodales@Mauris.net
Amela Cook|P.O. Box 756, 1551 Consectetuer Street|LT356913500427114747|ornare.egestas.ligula@eros.edu
Garrett Owen|804-8122 Dictum St.|GI11YPGG985611489060862|Suspendisse.eleifend.Cras@libero.org
Adele Tate|318-5470 Facilisis. Rd.|NO8921797328800|sagittis@liberonecligula.org
Adrian Espinoza|P.O. Box 381, 4789 Scelerisque Street|IE51BFSN30079700772155|dolor.sit@nostraperinceptos.org
Darius Dyer|362-3615 Lectus. Avenue|HU06142050448684440709808442|vulputate.ullamcorper@idnuncinterdum.net
Rogan Dotson|Ap #385-3916 Nisl Rd.|NO3595241686909|facilisis.facilisis.magna@nonsapienmolestie.org
Elliott Bullock|7618 Natoque Ave|HU38923751624362062477796477|euismod@magnaPraesentinterdum.net
Madaline Conrad|Ap #363-1815 Consectetuer Rd.|CY70040837616383452197759002|lectus.Cum.sociis@Integer.org
Finn English|657-9365 Risus, Road|CZ3336315924443423267726|Nam.porttitor@ipsumsodales.edu
Idona Mcdaniel|Ap #958-7683 Arcu. Av.|AD8041168081532571785669|libero.nec.ligula@ornare.com
Maryam Moody|Ap #665-8947 Aliquam Avenue|LV54XOKT8387851095180|malesuada.fringilla.est@Maecenas.edu
Bree Ingram|Ap #870-4920 Elit, St.|NO6824347179721|Cras@ipsumsodales.co.uk
Sopoline Mcdowell|4001 Nulla Road|CZ0686876506252010259699|facilisis.Suspendisse@et.co.uk
Basil Galloway|744-5151 Nonummy St.|ES7924144051249831962129|at@lobortis.net
Wyatt Shields|2103 Tempor Road|ES3090095834285396093021|libero.nec.ligula@ante.ca
Ronan Moon|274-5475 Eget, Avenue|IE43ROAP11348980710964|tempor.diam.dictum@Integereu.edu
Aaron Ward|Ap #700-3960 Justo St.|SI66503700286085545|magna@eleifend.co.uk
Clarke Barrera|Ap #477-542 At, St.|RO08GREL8228376543597070|Nulla.facilisis.Suspendisse@rutrumeu.org
Linus Knapp|5052 Metus. St.|CR0842118910792075068|accumsan.convallis@suscipitest.co.uk
Maia Robertson|P.O. Box 581, 4322 Commodo Ave|BG30INHG89170992982949|egestas@tellusid.co.uk
Sydnee Brady|Ap #853-8290 Facilisis Road|MK40068806072932682|ad.litora@Suspendissetristiqueneque.org
Jackson Bell|P.O. Box 643, 1542 Vel, Ave|DE24488391205134113697|amet.orci@posuere.net
Benjamin Hayes|1518 Lorem Rd.|KW8107418551579431246960106310|quis@interdum.net
Ivan Hogan|3331 Velit Rd.|LV80NNQC8802726574699|sociis@Phasellus.org
Tanya Finley|P.O. Box 125, 8717 Magna. Road|GR7258831865566166183844671|pede.Cras.vulputate@diam.ca
Georgia Mcconnell|P.O. Box 177, 1331 Ullamcorper. Avenue|RO34BYST7188661667438854|Quisque.tincidunt.pede@Mauris.ca
Abraham Britt|546-8405 Erat Ave|NO8140237464862|aliquam.iaculis@dolorDonec.ca
Noelle Burton|1536 In St.|EE057850886870242497|sed.turpis@iaculisaliquetdiam.net
Jennifer Porter|953-3594 Imperdiet Rd.|NO3895692666821|ante@nonduinec.co.uk
Allegra Lamb|Ap #287-6899 Luctus. Rd.|AT381536866849397765|sed.tortor@congueturpis.edu
Blaine Raymond|8880 Tincidunt, Ave|FI2422197836776540|non.lobortis.quis@pedeultricesa.ca
Kitra Dickerson|552-3499 Integer Road|FR0649720425534939277531652|interdum@vulputateullamcorper.org
Eve Fry|5999 Quisque Rd.|VG0354446256895630038457|Cras.vehicula.aliquet@elitAliquamauctor.com
Hedda Davis|Ap #970-7233 Sed Rd.|DO41759212414065511890121785|Donec@faucibus.ca
Magee Pitts|Ap #873-7592 Et, Road|GI25FRDI712996782945357|habitant.morbi.tristique@AliquamnislNulla.edu
Hector Roberson|Ap #182-5699 Sem Av.|KW9312725637497543707085691207|mattis@velit.co.uk
Wallace Owens|Ap #883-4596 Maecenas Ave|LT071249217528732721|dolor@Nulladignissim.net
Marsden Mcneil|4418 Laoreet Avenue|DE83863299858387103434|adipiscing@sitamet.co.uk
Teegan Gross|P.O. Box 640, 8280 Nisl. Avenue|CZ8880626693098595818809|Aenean.euismod.mauris@mauriselit.net
Finn Padilla|Ap #431-6342 Quis St.|DE03743761968997091893|semper.pretium@egestas.com
